Workbook

Sheet Summary
A1: Dustbins and refill time for each temple
A2: Every bin has the same rated capacity. The number of bins and the refill time differ because footfall differs. All values update from Inputs.
A4: Temple | B4: Footfall: ordinary | C4: Footfall: Tuesday | D4: Footfall: festival | E4: Waste (kg/day): ordinary | F4: Waste (kg/day): Tuesday | G4: Waste (kg/day): festival | H4: Rated capacity per bin (kg) | I4: Permanent bins | J4: Extra bins on festival days | K4: Hours to fill ONE bin: ordinary | L4: Hours to fill ONE bin: festival | M4: Hours to fill all bins: ordinary | N4: Hours to fill all bins: festival | O4: Pickup times
A5: =Schedule!A5 -> Raghunath (Ram) temple | B5: =Schedule!C5 -> 550 | C5: =Schedule!C6 -> 550 | D5: =Schedule!C7 -> 11000 | E5: =Schedule!D5 -> 7.3333333 | F5: =Schedule!D6 -> 7.3333333 | G5: =Schedule!D7 -> 146.66667 | H5: =Inputs!$C$5 -> 20 | I5: =Schedule!H5 -> 2 | J5: =Schedule!H7-Schedule!H5 -> 13 | K5: =Schedule!F5 -> 31.090909 | L5: =Schedule!F7 -> 1.5545455 | M5: =Schedule!I5 -> 62.181818 | N5: =Schedule!I7 -> 23.318182 | O5: =TEXT(Schedule!K5,"hh:mm")&" and "&TEXT(Schedule!L5,"hh:mm") -> 10:00 and 20:00
A6: =Schedule!A8 -> Shiv temple | B6: =Schedule!C8 -> 400 | C6: =Schedule!C9 -> 900 | D6: =Schedule!C10 -> 5000 | E6: =Schedule!D8 -> 4 | F6: =Schedule!D9 -> 9 | G6: =Schedule!D10 -> 50 | H6: =Inputs!$C$5 -> 20 | I6: =Schedule!H8 -> 2 | J6: =Schedule!H10-Schedule!H8 -> 6 | K6: =Schedule!F8 -> 57 | L6: =Schedule!F10 -> 4.56 | M6: =Schedule!I8 -> 114 | N6: =Schedule!I10 -> 36.48 | O6: =TEXT(Schedule!K8,"hh:mm")&" and "&TEXT(Schedule!L8,"hh:mm") -> 10:00 and 20:00
A7: =Schedule!A11 -> Baave Wali Mata temple | B7: =Schedule!C11 -> 1000 | C7: =Schedule!C12 -> 2000 | D7: =Schedule!C13 -> 10000 | E7: =Schedule!D11 -> 13.333333 | F7: =Schedule!D12 -> 26.666667 | G7: =Schedule!D13 -> 133.33333 | H7: =Inputs!$C$5 -> 20 | I7: =Schedule!H11 -> 4 | J7: =Schedule!H13-Schedule!H11 -> 12 | K7: =Schedule!F11 -> 17.1 | L7: =Schedule!F13 -> 1.71 | M7: =Schedule!I11 -> 68.4 | N7: =Schedule!I13 -> 27.36 | O7: =TEXT(Schedule!K11,"hh:mm")&" and "&TEXT(Schedule!L11,"hh:mm") -> 10:00 and 20:00
A8: =Schedule!A14 -> Ranbireshwar temple | B8: =Schedule!C14 -> 324 | C8: =Schedule!C15 -> 469.8 | D8: =Schedule!C16 -> 1999 | E8: =Schedule!D14 -> 3.355 | F8: =Schedule!D15 -> 4.86475 | G8: =Schedule!D16 -> 20.699522 | H8: =Inputs!$C$5 -> 20 | I8: =Schedule!H14 -> 2 | J8: =Schedule!H16-Schedule!H14 -> 2 | K8: =Schedule!F14 -> 67.958271 | L8: =Schedule!F16 -> 11.014747 | M8: =Schedule!I14 -> 135.91654 | N8: =Schedule!I16 -> 44.058989 | O8: =TEXT(Schedule!K14,"hh:mm")&" and "&TEXT(Schedule!L14,"hh:mm") -> 10:00 and 20:00
A10: How to read it
A11: - Permanent bins are the dustbins placed at the temple all year: at least the minimum on Inputs, and more for temples with higher footfall. Extra bins are temporary and placed only on festival days.
A12: - Hours to fill ONE bin shows how footfall changes the refill time even when every bin is the same size.
A13: - Hours to fill all bins is the time before the bins in place are full, and it stays at or above the pickup gap by design.
A14: - Footfall and waste per visitor are partly assumed: see the Basis columns on Inputs for the source of each number.

Sheet Inputs
A1: Bins and pickup timing per temple: inputs
A2: Blue = typed input. Yellow fill = assumption. Black = formula. Edit only this sheet.
A4: Parameter | B4: Unit | C4: Value | D4: Basis
A5: Bin rated capacity | B5: kg | C5: 20 | D5: Team field data (cleaning worker: 20 kg container)
A6: Maximum fill level | B6: fraction | C6: 0.95 | D6: Team field data (about 95% at collection)
A7: Usable capacity per bin | B7: kg | C7: =C5*C6 -> 19 | D7: Formula: capacity x maximum fill
A8: Hours waste accumulates per day (H) | B8: hours | C8: 12 | D8: Team workbook assumption
A9: Pickups per day | B9: count | C9: 2 | D9: Team field data (cleaning worker: 2 rounds a day)
A10: Gap between pickups (T = H / pickups) | B10: hours | C10: =C8/C9 -> 6 | D10: Formula, as in the team workbook (collect every 6 h)
A11: Freshness limit | B11: hours | C11: 24 | D11: Assumption: flowers rot within 24-48 h
A12: Morning pickup time (default) | B12: time | C12: 0.41666667 | D12: Assumption: after the morning rush
A13: Evening pickup time (default) | B13: time | C13: 0.83333333 | D13: Assumption: after the evening aarti
A14: Minimum permanent bins per temple | B14: count | C14: 2 | D14: Team decision: at least 2 bins per temple, placed at different points (floors, entry and exit gates) so waste can be dropped close to where it is generated
A15: Survey and online reference values
A16: Reference | B16: Unit | C16: Value | D16: Basis
A17: Old City survey: mean visitors per temple per day | B17: visitors | C17: 324 | D17: Primary data, Team Warriors, Univ. of Jammu, Feb 2024 (68,107 visitors a week over 30 temples)
A18: Old City survey: Tuesday footfall index | B18: x | C18: 1.45 | D18: Same survey: Tuesday is the busiest day (20.7% of weekly visitors)
A19: Old City survey: festival waste per temple | B19: kg | C19: 20.7 | D19: Same survey, Table 4.3.9: midpoint of 18.9 and 22.5 kg (basis unclear in the source)
A20: Ranbireshwar survey waste per ordinary day | B20: kg | C20: 3.355 | D20: Same survey: daily min 3.21, max 3.50 kg (all waste types), midpoint
A21: Bahu Fort Tuesday and Sunday multiplier | B21: x | C21: 2 | D21: Assumption: Tuesday and Sunday are the special worship days (J&K Tourism, Maa Vaishno Devi Shrine Board site)
A22: Design rule: visitors per permanent bin (busiest regular day) | B22: visitors | C22: 500 | D22: Assumption, not measured (permanent bins only; festival extras are typed in column J below): one bin per about 500 visitors on the busier of ordinary day and Tuesday, so busier temples get more bins at more points. Change this to tune it (survey mean is 324 visitors per temple per day)
A24: Footfall and waste per visitor, by temple
A25: Temple | B25: Footfall: ordinary day (visitors) | C25: Footfall: Tuesday (visitors) | D25: Footfall: festival day (visitors) | E25: Waste per visitor (kg) | F25: Morning pickup | G25: Evening pickup | H25: Basis for footfall | I25: Basis for waste per visitor | J25: Extra bins on festival days
A26: Raghunath (Ram) temple | B26: 550 | C26: =B26 -> 550 | D26: 11000 | E26: =0.8/60 -> 0.013333333 | F26: =$C$12 -> 0.41666667 | G26: =$C$13 -> 0.83333333 | H26: Team workbook footfall (assumption back-solved from interviews). Tuesday set equal to ordinary, as in the workbook. | I26: Team workbook: 0.8 kg of flowers over 60 visitors | J26: 13
A27: Shiv temple | B27: 400 | C27: 900 | D27: 5000 | E27: =0.6/60 -> 0.01 | F27: =$C$12 -> 0.41666667 | G27: =$C$13 -> 0.83333333 | H27: Team workbook footfall (assumption back-solved from interviews) | I27: Team workbook: 0.6 kg of flowers over 60 visitors | J27: 6
A28: Baave Wali Mata temple | B28: 1000 | C28: =B28*C21 -> 2000 | D28: 10000 | E28: =E26 -> 0.013333333 | F28: =$C$12 -> 0.41666667 | G28: =$C$13 -> 0.83333333 | H28: Ordinary: assumption, above the survey mean of 324 because it is Jammu's presiding shrine with a heavy daily rush (Daily Excelsior). Tuesday: ordinary x multiplier. Festival: 10,000 pilgrims on the last day of Navratra (Daily Excelsior, Oct 2020, a low-key COVID year). | I28: Assumption: same as the Raghunath temple, a similar large temple | J28: 12
A29: Ranbireshwar temple | B29: =C17 -> 324 | C29: =B29*C18 -> 469.8 | D29: =ROUND(C19/E29,0) -> 1999 | E29: =C20/B29 -> 0.010354938 | F29: =$C$12 -> 0.41666667 | G29: =$C$13 -> 0.83333333 | H29: Ordinary: Old City survey mean visitors. Tuesday: survey Tuesday index. Festival: survey festival waste divided by waste per visitor. | I29: Survey waste on an ordinary day divided by survey mean visitors | J29: 2
A31: Raghunath is treated as the team's Ram temple. Yellow = footfall or rate assumed, not measured. Times can be changed per temple in columns F and G. Extra festival bins (column J) are a team decision.

Sheet Schedule
A1: Bins, refill time and pickup times: every temple and day type
A2: Waste = footfall x waste per visitor. Bins needed = waste accumulated during one pickup gap / usable bin capacity, rounded up. Refill time = bins in place x usable capacity / accumulation rate.
A4: Temple | B4: Day type | C4: Footfall (visitors) | D4: Waste (kg/day) | E4: Accumulation (kg/hour) | F4: Hours to fill ONE bin | G4: Bins needed | H4: Bins in place | I4: Hours to fill all bins in place | J4: Pickups per day | K4: Pickup 1 | L4: Pickup 2 | M4: Gap within freshness limit?
A5: =Inputs!A26 -> Raghunath (Ram) temple | B5: Ordinary | C5: =Inputs!B26 -> 550 | D5: =C5*Inputs!$E26 -> 7.3333333 | E5: =D5/Inputs!$C$8 -> 0.61111111 | F5: =IF(E5=0,"",Inputs!$C$7/E5) -> 31.090909 | G5: =MAX(1,ROUNDUP(E5*Inputs!$C$10/Inputs!$C$7,0)) -> 1 | H5: =MAX(G5,G6,Inputs!$C$14,ROUNDUP(MAX(C5,C6)/Inputs!$C$22,0)) -> 2 | I5: =H5*Inputs!$C$7/E5 -> 62.181818 | J5: =Inputs!$C$9 -> 2 | K5: =Inputs!F26 -> 0.41666667 | L5: =Inputs!G26 -> 0.83333333 | M5: =IF(Inputs!$C$10<=Inputs!$C$11,"Yes","No") -> Yes
A6: =Inputs!A26 -> Raghunath (Ram) temple | B6: Tuesday | C6: =Inputs!C26 -> 550 | D6: =C6*Inputs!$E26 -> 7.3333333 | E6: =D6/Inputs!$C$8 -> 0.61111111 | F6: =IF(E6=0,"",Inputs!$C$7/E6) -> 31.090909 | G6: =MAX(1,ROUNDUP(E6*Inputs!$C$10/Inputs!$C$7,0)) -> 1 | H6: =MAX(G5,G6,Inputs!$C$14,ROUNDUP(MAX(C5,C6)/Inputs!$C$22,0)) -> 2 | I6: =H6*Inputs!$C$7/E6 -> 62.181818 | J6: =Inputs!$C$9 -> 2 | K6: =Inputs!F26 -> 0.41666667 | L6: =Inputs!G26 -> 0.83333333 | M6: =IF(Inputs!$C$10<=Inputs!$C$11,"Yes","No") -> Yes
A7: =Inputs!A26 -> Raghunath (Ram) temple | B7: Festival | C7: =Inputs!D26 -> 11000 | D7: =C7*Inputs!$E26 -> 146.66667 | E7: =D7/Inputs!$C$8 -> 12.222222 | F7: =IF(E7=0,"",Inputs!$C$7/E7) -> 1.5545455 | G7: =MAX(1,ROUNDUP(E7*Inputs!$C$10/Inputs!$C$7,0)) -> 4 | H7: =MAX(G7,H5+Inputs!$J26) -> 15 | I7: =H7*Inputs!$C$7/E7 -> 23.318182 | J7: =Inputs!$C$9 -> 2 | K7: =Inputs!F26 -> 0.41666667 | L7: =Inputs!G26 -> 0.83333333 | M7: =IF(Inputs!$C$10<=Inputs!$C$11,"Yes","No") -> Yes
A8: =Inputs!A27 -> Shiv temple | B8: Ordinary | C8: =Inputs!B27 -> 400 | D8: =C8*Inputs!$E27 -> 4 | E8: =D8/Inputs!$C$8 -> 0.33333333 | F8: =IF(E8=0,"",Inputs!$C$7/E8) -> 57 | G8: =MAX(1,ROUNDUP(E8*Inputs!$C$10/Inputs!$C$7,0)) -> 1 | H8: =MAX(G8,G9,Inputs!$C$14,ROUNDUP(MAX(C8,C9)/Inputs!$C$22,0)) -> 2 | I8: =H8*Inputs!$C$7/E8 -> 114 | J8: =Inputs!$C$9 -> 2 | K8: =Inputs!F27 -> 0.41666667 | L8: =Inputs!G27 -> 0.83333333 | M8: =IF(Inputs!$C$10<=Inputs!$C$11,"Yes","No") -> Yes
A9: =Inputs!A27 -> Shiv temple | B9: Tuesday | C9: =Inputs!C27 -> 900 | D9: =C9*Inputs!$E27 -> 9 | E9: =D9/Inputs!$C$8 -> 0.75 | F9: =IF(E9=0,"",Inputs!$C$7/E9) -> 25.333333 | G9: =MAX(1,ROUNDUP(E9*Inputs!$C$10/Inputs!$C$7,0)) -> 1 | H9: =MAX(G8,G9,Inputs!$C$14,ROUNDUP(MAX(C8,C9)/Inputs!$C$22,0)) -> 2 | I9: =H9*Inputs!$C$7/E9 -> 50.666667 | J9: =Inputs!$C$9 -> 2 | K9: =Inputs!F27 -> 0.41666667 | L9: =Inputs!G27 -> 0.83333333 | M9: =IF(Inputs!$C$10<=Inputs!$C$11,"Yes","No") -> Yes
A10: =Inputs!A27 -> Shiv temple | B10: Festival | C10: =Inputs!D27 -> 5000 | D10: =C10*Inputs!$E27 -> 50 | E10: =D10/Inputs!$C$8 -> 4.1666667 | F10: =IF(E10=0,"",Inputs!$C$7/E10) -> 4.56 | G10: =MAX(1,ROUNDUP(E10*Inputs!$C$10/Inputs!$C$7,0)) -> 2 | H10: =MAX(G10,H8+Inputs!$J27) -> 8 | I10: =H10*Inputs!$C$7/E10 -> 36.48 | J10: =Inputs!$C$9 -> 2 | K10: =Inputs!F27 -> 0.41666667 | L10: =Inputs!G27 -> 0.83333333 | M10: =IF(Inputs!$C$10<=Inputs!$C$11,"Yes","No") -> Yes
A11: =Inputs!A28 -> Baave Wali Mata temple | B11: Ordinary | C11: =Inputs!B28 -> 1000 | D11: =C11*Inputs!$E28 -> 13.333333 | E11: =D11/Inputs!$C$8 -> 1.1111111 | F11: =IF(E11=0,"",Inputs!$C$7/E11) -> 17.1 | G11: =MAX(1,ROUNDUP(E11*Inputs!$C$10/Inputs!$C$7,0)) -> 1 | H11: =MAX(G11,G12,Inputs!$C$14,ROUNDUP(MAX(C11,C12)/Inputs!$C$22,0)) -> 4 | I11: =H11*Inputs!$C$7/E11 -> 68.4 | J11: =Inputs!$C$9 -> 2 | K11: =Inputs!F28 -> 0.41666667 | L11: =Inputs!G28 -> 0.83333333 | M11: =IF(Inputs!$C$10<=Inputs!$C$11,"Yes","No") -> Yes
A12: =Inputs!A28 -> Baave Wali Mata temple | B12: Tuesday | C12: =Inputs!C28 -> 2000 | D12: =C12*Inputs!$E28 -> 26.666667 | E12: =D12/Inputs!$C$8 -> 2.2222222 | F12: =IF(E12=0,"",Inputs!$C$7/E12) -> 8.55 | G12: =MAX(1,ROUNDUP(E12*Inputs!$C$10/Inputs!$C$7,0)) -> 1 | H12: =MAX(G11,G12,Inputs!$C$14,ROUNDUP(MAX(C11,C12)/Inputs!$C$22,0)) -> 4 | I12: =H12*Inputs!$C$7/E12 -> 34.2 | J12: =Inputs!$C$9 -> 2 | K12: =Inputs!F28 -> 0.41666667 | L12: =Inputs!G28 -> 0.83333333 | M12: =IF(Inputs!$C$10<=Inputs!$C$11,"Yes","No") -> Yes
A13: =Inputs!A28 -> Baave Wali Mata temple | B13: Festival | C13: =Inputs!D28 -> 10000 | D13: =C13*Inputs!$E28 -> 133.33333 | E13: =D13/Inputs!$C$8 -> 11.111111 | F13: =IF(E13=0,"",Inputs!$C$7/E13) -> 1.71 | G13: =MAX(1,ROUNDUP(E13*Inputs!$C$10/Inputs!$C$7,0)) -> 4 | H13: =MAX(G13,H11+Inputs!$J28) -> 16 | I13: =H13*Inputs!$C$7/E13 -> 27.36 | J13: =Inputs!$C$9 -> 2 | K13: =Inputs!F28 -> 0.41666667 | L13: =Inputs!G28 -> 0.83333333 | M13: =IF(Inputs!$C$10<=Inputs!$C$11,"Yes","No") -> Yes
A14: =Inputs!A29 -> Ranbireshwar temple | B14: Ordinary | C14: =Inputs!B29 -> 324 | D14: =C14*Inputs!$E29 -> 3.355 | E14: =D14/Inputs!$C$8 -> 0.27958333 | F14: =IF(E14=0,"",Inputs!$C$7/E14) -> 67.958271 | G14: =MAX(1,ROUNDUP(E14*Inputs!$C$10/Inputs!$C$7,0)) -> 1 | H14: =MAX(G14,G15,Inputs!$C$14,ROUNDUP(MAX(C14,C15)/Inputs!$C$22,0)) -> 2 | I14: =H14*Inputs!$C$7/E14 -> 135.91654 | J14: =Inputs!$C$9 -> 2 | K14: =Inputs!F29 -> 0.41666667 | L14: =Inputs!G29 -> 0.83333333 | M14: =IF(Inputs!$C$10<=Inputs!$C$11,"Yes","No") -> Yes
A15: =Inputs!A29 -> Ranbireshwar temple | B15: Tuesday | C15: =Inputs!C29 -> 469.8 | D15: =C15*Inputs!$E29 -> 4.86475 | E15: =D15/Inputs!$C$8 -> 0.40539583 | F15: =IF(E15=0,"",Inputs!$C$7/E15) -> 46.867773 | G15: =MAX(1,ROUNDUP(E15*Inputs!$C$10/Inputs!$C$7,0)) -> 1 | H15: =MAX(G14,G15,Inputs!$C$14,ROUNDUP(MAX(C14,C15)/Inputs!$C$22,0)) -> 2 | I15: =H15*Inputs!$C$7/E15 -> 93.735547 | J15: =Inputs!$C$9 -> 2 | K15: =Inputs!F29 -> 0.41666667 | L15: =Inputs!G29 -> 0.83333333 | M15: =IF(Inputs!$C$10<=Inputs!$C$11,"Yes","No") -> Yes
A16: =Inputs!A29 -> Ranbireshwar temple | B16: Festival | C16: =Inputs!D29 -> 1999 | D16: =C16*Inputs!$E29 -> 20.699522 | E16: =D16/Inputs!$C$8 -> 1.7249601 | F16: =IF(E16=0,"",Inputs!$C$7/E16) -> 11.014747 | G16: =MAX(1,ROUNDUP(E16*Inputs!$C$10/Inputs!$C$7,0)) -> 1 | H16: =MAX(G16,H14+Inputs!$J29) -> 4 | I16: =H16*Inputs!$C$7/E16 -> 44.058989 | J16: =Inputs!$C$9 -> 2 | K16: =Inputs!F29 -> 0.41666667 | L16: =Inputs!G29 -> 0.83333333 | M16: =IF(Inputs!$C$10<=Inputs!$C$11,"Yes","No") -> Yes
A18: Permanent bins are the largest of: ordinary-day need, Tuesday need, the minimum per temple (Inputs C14), and busiest regular-day footfall / visitors per bin (Inputs C22). On festival days the bins in place are permanent bins plus the extra temporary bins typed in Inputs column J (team decision), and never fewer than the capacity need.
